<assembly xmlns="http://maven.apache.org/ASSEMBLY/2.2.0"
    xmlns:xsi="http://www.w3.org/2001/XMLSchema-instance"
    xsi:schemaLocation="http://maven.apache.org/ASSEMBLY/2.2.0 https://maven.apache.org/xsd/assembly-2.2.0.xsd">
    <id>src</id>
    <formats>
        <format>tar.gz</format>
    </formats>
    <fileSets>
        <fileSet>
            <directory>${project.basedir}</directory>
            <includes>
                <include>README*</include>
                <include>LICENSE*</include>
                <include>NOTICE*</include>
                <include>pom.xml</include>
            </includes>
            <useDefaultExcludes>true</useDefaultExcludes>
        </fileSet>
        <fileSet>
            <directory>${project.basedir}/src</directory>
            <useDefaultExcludes>true</useDefaultExcludes>
        </fileSet>
    </fileSets>
</assembly>